ประทับเวลา,5 Digits Student ID,"Do students know what their weak points are?

นักเรียนรู้ไหมว่าตัวเองอ่อนเรื่องอะไร?","Do you know why that point was incorrect?

รู้ไหมว่าทำไมถึงผิดข้อนั้น?","Have you received any feedback?

ได้รับ Feedback หรือไม่?","Did you receive feedback after the exam?

ได้รับคำแนะนำหลังสอบหรือไม่?","Have you ever received targeted exercises?

เคยได้รับแบบฝึกหัดเฉพาะจุดหรือไม่?","Is there a retake?

มีการสอบซ้ำหรือไม่?","Do you realize whether you have improved yet?

รู้ไหมว่าตัวเองพัฒนาขึ้นหรือยัง?"
"20/8/2026, 9:38:03",23758,All subjects related to the science category.,Don’t know,Never,Rarely,Sometimes,Sometimes,Have improved a little
"20/8/2026, 10:32:00",25374,About learning,Not know,No,No,Always,No,No
"20/8/2026, 11:25:59",23811,No,No,No,"A little, like to study more harder.",Yes,Sometimes,Yes
"20/8/2026, 11:34:14",23776,Not being able to keep up with the teacher,yes,no,no,no,yes,No
"20/8/2026, 16:41:07",23790,Math,Not sure ,No,No,No,Some time ,No
"20/8/2026, 16:43:01",23768,Yes,No,No,Yes,Yes,No,Maybe not
"20/8/2026, 16:43:19",23769,Yes,Math,No,Yes,No,Yes,No
"20/8/2026, 16:44:11",23757,Yes about social studies and thai,Yes I'm not good at thai,No,No,No,No,Not really 
"20/8/2026, 16:44:49",23785,Science subject,No,No,No,Yes,Sometimes,I think so
"20/8/2026, 16:45:58",23763,Probably I might have other that I might bot know.,Yea maybe,Not really ,Not really ,No,Yea,Yes
"20/8/2026, 16:51:29",25378,Of course ,I think i know ,Yes,Yes,Yes,Yes,Yes
"20/8/2026, 16:51:39",24238,Chemical ,To lazy,Bad score,"Yes, Study more",Yes,Yes,"Yes, a little bit"
"20/8/2026, 16:54:04",25809,Science,I didn't intend to do enough,Yes,Yes,Yes,No,Not really
"20/8/2026, 16:55:00",23798,Not good at studying,Maybe I didn't try hard enough,Yes i have,Yes,Maybe ,Yes,It's improved a little
"20/8/2026, 17:13:31",23815,Study,Don't know,Yes,Yes,No,Yes,Yes
"20/8/2026, 17:28:28",23801,"Too kind, emotional and not good on Math, I can do it but I need more time to finish like time to solve each question.",I don’t know too…,"Yes, I need to focus more on my Math subject.","Yes, it’s try not to think quickly, get slow and relax while I do my test or study.","Yes, I was tutored on my Math subject since M.1-M.4, But now I don’t.",Yes.,"Yes, sometimes."
"20/8/2026, 17:44:10",23835,Yes,Not really ,Sometimes ,No,No,No,Not yet 
"20/8/2026, 18:13:22",23814,No,No,No,No,No,Yes,Yes
"20/8/2026, 18:21:31",24307,Gramma in English,Because sometime i can do it,Yes,Yes,Yes,Yes,Yes